zone,model,feature,importance,importance_pct
CAC,XGBoost,REQ_LAST168H,0.28412553668022156,28.412550280982224
CAC,XGBoost,long_holiday,0.13375751674175262,13.375750079661596
CAC,XGBoost,REQ_LAST168H_roll_mean_3,0.12080235779285431,12.080234339209278
CAC,XGBoost,REQ_LAST336H,0.0886884331703186,8.868842259783476
CAC,XGBoost,is_post_holiday,0.061836760491132736,6.183675311961733
CAC,XGBoost,REQ_LAST672H,0.05750897899270058,5.7508972137096865
CAC,XGBoost,DewPoint_W,0.02688436023890972,2.688435703404462
CAC,XGBoost,REQUIREMENT_LAG_3D,0.016839439049363136,1.683943704194581
CAC,XGBoost,REQ_LAST504H,0.01561385951936245,1.5613857658045571
CAC,XGBoost,month,0.015046722255647182,1.5046720461938325
CAC,XGBoost,is_Sunday,0.014827501028776169,1.4827499261200516
CAC,XGBoost,quarter,0.011872968636453152,1.1872967221085164
CAC,XGBoost,is_pre_holiday,0.011068020947277546,1.106801962786679
CAC,XGBoost,is_holiday,0.009801154024899006,0.9801152856510537
CAC,XGBoost,IsDaylight_W,0.009480083361268044,0.9480082231154177
CAC,XGBoost,month_auto,0.009451368823647499,0.945136769695667
CAC,XGBoost,UVIndex_W,0.008848458528518677,0.8848457473700346
CAC,XGBoost,WetBulb_W,0.008287668228149414,0.828766724018249
CAC,XGBoost,day_auto,0.007125975098460913,0.7125974248978585
CAC,XGBoost,is_weekend,0.006917985156178474,0.6917984331490477
CAC,XGBoost,day,0.006916556507349014,0.6916555682831325
CAC,XGBoost,hour_auto,0.006701929960399866,0.6701929161467652
CAC,XGBoost,peakmonth,0.005669435486197472,0.5669434810348176
CAC,XGBoost,hour,0.00549113005399704,0.5491129399403405
CAC,XGBoost,RealFeel_W,0.00547407241538167,0.5474071762821464
CAC,XGBoost,day_of_week,0.005381968803703785,0.5381968162123184
CAC,XGBoost,is_tou,0.005048723891377449,0.5048723289522733
CAC,XGBoost,Temp_W,0.004921612795442343,0.49216122087404485
CAC,XGBoost,dayofweek_auto,0.004517512861639261,0.4517512323109827
CAC,XGBoost,year_auto,0.004500152543187141,0.4500152006727218
CAC,XGBoost,year,0.0036908516194671392,0.36908511794833926
CAC,XGBoost,REQ_LAST168H_roll_mean_6,0.0035629956983029842,0.3562995273560849
CAC,XGBoost,TIME_SLOT,0.003454202087596059,0.3454201675823131
CAC,XGBoost,DayOfWeek,0.0026486108545213938,0.2648610538782413
CAC,XGBoost,holiday,0.002468191320076585,0.24681910258452863
CAC,XGBoost,RelativeHumidity_W,0.002295579295605421,0.22955790219510766
CAC,XGBoost,PEAK_OFFPEAK_NUMERIC,0.002091999165713787,0.20919989163280828
CAC,XGBoost,is_Saturday,0.0019169265870004892,0.191692635848506
CAC,XGBoost,CloudCover_W,0.0013823368353769183,0.1382336670589546
CAC,XGBoost,REQ_LAST168H_pct_change_1,0.001162019558250904,0.11620194197273946
CAC,XGBoost,REQ_LAST168H_roll_std_6,0.0007661748677492142,0.07661747764140633
CAC,XGBoost,minute,0.0006386928143911064,0.06386927382529989
CAC,XGBoost,REQ_LAST168H_diff_1,0.0005131818470545113,0.05131817858784752
CAC,XGBoost,reg,0.0,0.0
CAC,LightGBM,day,1093.0,12.268492535638119
CAC,LightGBM,month,862.0,9.675608934785048
CAC,LightGBM,REQUIREMENT_LAG_3D,516.0,5.7918958356717924
CAC,LightGBM,year,508.0,5.702099001010215
CAC,LightGBM,DewPoint_W,469.0,5.264339432035021
CAC,LightGBM,hour,382.0,4.287798855090358
CAC,LightGBM,REQ_LAST336H,337.0,3.7826916601189806
CAC,LightGBM,Temp_W,336.0,3.771467055786284
CAC,LightGBM,REQ_LAST672H,325.0,3.6479964081266134
CAC,LightGBM,REQ_LAST504H,284.0,3.1877876304860253
CAC,LightGBM,REQ_LAST168H,281.0,3.1541138174879335
CAC,LightGBM,REQ_LAST168H_roll_mean_6,278.0,3.1204400044898417
CAC,LightGBM,UVIndex_W,271.0,3.041867774160961
CAC,LightGBM,day_of_week,257.0,2.884723313503199
CAC,LightGBM,TIME_SLOT,250.0,2.8061510831743184
CAC,LightGBM,long_holiday,236.0,2.6490066225165565
CAC,LightGBM,WetBulb_W,220.0,2.4694129531934
CAC,LightGBM,DayOfWeek,209.0,2.3459423055337303
CAC,LightGBM,RealFeel_W,200.0,2.2449208665394544
CAC,LightGBM,is_Sunday,148.0,1.6612414412391963
CAC,LightGBM,RelativeHumidity_W,140.0,1.5714446065776184
CAC,LightGBM,peakmonth,136.0,1.526546189246829
CAC,LightGBM,is_tou,128.0,1.436749354585251
CAC,LightGBM,day_auto,121.0,1.35817712425637
CAC,LightGBM,is_post_holiday,116.0,1.3020541025928836
CAC,LightGBM,CloudCover_W,103.0,1.1561342462678192
CAC,LightGBM,REQ_LAST168H_roll_mean_3,88.0,0.98776518127736
CAC,LightGBM,year_auto,81.0,0.9091929509484792
CAC,LightGBM,month_auto,75.0,0.8418453249522954
CAC,LightGBM,holiday,73.0,0.819396116286901
CAC,LightGBM,is_holiday,66.0,0.74082388595802
CAC,LightGBM,IsDaylight_W,64.0,0.7183746772926255
CAC,LightGBM,PEAK_OFFPEAK_NUMERIC,50.0,0.5612302166348636
CAC,LightGBM,is_Saturday,45.0,0.5051071949713772
CAC,LightGBM,quarter,34.0,0.38163654731170726
CAC,LightGBM,hour_auto,27.0,0.3030643169828263
CAC,LightGBM,REQ_LAST168H_roll_std_6,25.0,0.2806151083174318
CAC,LightGBM,dayofweek_auto,21.0,0.23571669098664275
CAC,LightGBM,REQ_LAST168H_pct_change_1,16.0,0.17959366932315637
CAC,LightGBM,REQ_LAST168H_diff_1,14.0,0.15714446065776183
CAC,LightGBM,is_pre_holiday,12.0,0.13469525199236726
CAC,LightGBM,is_weekend,10.0,0.11224604332697272
CAC,LightGBM,minute,2.0,0.022449208665394547
CAC,LightGBM,reg,0.0,0.0
MAC,XGBoost,REQ_LAST168H,0.2706853151321411,27.068534740034906
MAC,XGBoost,REQ_LAST168H_roll_mean_3,0.19196121394634247,19.196123682990514
MAC,XGBoost,is_post_holiday,0.07258744537830353,7.258745403140235
MAC,XGBoost,REQ_LAST336H,0.06643538922071457,6.643539714043106
MAC,XGBoost,REQ_LAST672H,0.057499662041664124,5.74996688961588
MAC,XGBoost,is_pre_holiday,0.05287519097328186,5.287519727649656
MAC,XGBoost,Temp_W,0.0322546511888504,3.2254655033904913
MAC,XGBoost,is_holiday,0.031509172171354294,3.1509175927540776
MAC,XGBoost,long_holiday,0.028073133900761604,2.807313724734035
MAC,XGBoost,WetBulb_W,0.021894382312893867,2.189438492290794
MAC,XGBoost,is_weekend,0.016661500558257103,1.6661502544462983
MAC,XGBoost,RealFeel_W,0.013433580286800861,1.3433581888208614
MAC,XGBoost,PEAK_OFFPEAK_NUMERIC,0.01157093234360218,1.157093372296497
MAC,XGBoost,is_Sunday,0.010576059110462666,1.057606037122731
MAC,XGBoost,IsDaylight_W,0.010379789397120476,1.0379790634487942
MAC,XGBoost,month,0.008669165894389153,0.8669166927834383
MAC,XGBoost,REQ_LAST504H,0.007877578027546406,0.7877578966626999
MAC,XGBoost,is_tou,0.006664587184786797,0.6664587979267594
MAC,XGBoost,quarter,0.006488424260169268,0.6488425033649806
MAC,XGBoost,hour,0.006476610898971558,0.6476611671043834
MAC,XGBoost,year_auto,0.0062819854356348515,0.6281986184505961
MAC,XGBoost,hour_auto,0.0058653210289776325,0.5865321728178469
MAC,XGBoost,REQUIREMENT_LAG_3D,0.005377572029829025,0.5377572670885643
MAC,XGBoost,dayofweek_auto,0.005100734066218138,0.5100734674273095
MAC,XGBoost,year,0.004961642902344465,0.4961643493818461
MAC,XGBoost,DewPoint_W,0.003929260652512312,0.39292611209167383
MAC,XGBoost,day_of_week,0.003831168171018362,0.3831168627729252
MAC,XGBoost,day_auto,0.0037521040067076683,0.37521044539933746
MAC,XGBoost,holiday,0.0036129800137132406,0.36129804444140723
MAC,XGBoost,day,0.0034844111651182175,0.34844115804924464
MAC,XGBoost,DayOfWeek,0.0033289403654634953,0.33289407623041584
MAC,XGBoost,month_auto,0.0032086302526295185,0.3208630635128097
MAC,XGBoost,UVIndex_W,0.00288381171412766,0.2883812057904846
MAC,XGBoost,TIME_SLOT,0.0027506714686751366,0.2750671796580767
MAC,XGBoost,is_Saturday,0.0027109584771096706,0.27109588002811436
MAC,XGBoost,peakmonth,0.0026793726719915867,0.26793729913977377
MAC,XGBoost,REQ_LAST168H_roll_std_6,0.0023551220074295998,0.23551222881820544
MAC,XGBoost,REQ_LAST168H_roll_mean_6,0.0022288192994892597,0.22288195651852566
MAC,XGBoost,REQ_LAST168H_diff_1,0.0021186398807913065,0.21186401333528915
MAC,XGBoost,REQ_LAST168H_pct_change_1,0.00198361836373806,0.19836186002038242
MAC,XGBoost,RelativeHumidity_W,0.0016470530536025763,0.1647053249946624
MAC,XGBoost,CloudCover_W,0.000710593827534467,0.07105939122438625
MAC,XGBoost,minute,0.0006227183039300144,0.062271837816382986
MAC,XGBoost,reg,0.0,0.0
MAC,LightGBM,day,853.0,9.477777777777778
MAC,LightGBM,month,718.0,7.977777777777778
MAC,LightGBM,Temp_W,668.0,7.422222222222222
MAC,LightGBM,hour,481.0,5.344444444444445
MAC,LightGBM,REQUIREMENT_LAG_3D,451.0,5.011111111111111
MAC,LightGBM,year,448.0,4.977777777777778
MAC,LightGBM,WetBulb_W,422.0,4.688888888888889
MAC,LightGBM,REQ_LAST168H,385.0,4.277777777777778
MAC,LightGBM,REQ_LAST336H,374.0,4.155555555555555
MAC,LightGBM,TIME_SLOT,359.0,3.988888888888889
MAC,LightGBM,REQ_LAST672H,310.0,3.4444444444444446
MAC,LightGBM,DewPoint_W,277.0,3.077777777777778
MAC,LightGBM,REQ_LAST168H_roll_mean_6,276.0,3.0666666666666664
MAC,LightGBM,long_holiday,251.0,2.788888888888889
MAC,LightGBM,DayOfWeek,245.0,2.722222222222222
MAC,LightGBM,REQ_LAST504H,214.0,2.3777777777777778
MAC,LightGBM,UVIndex_W,212.0,2.3555555555555556
MAC,LightGBM,day_of_week,203.0,2.2555555555555555
MAC,LightGBM,RealFeel_W,182.0,2.022222222222222
MAC,LightGBM,RelativeHumidity_W,127.0,1.411111111111111
MAC,LightGBM,is_tou,125.0,1.3888888888888888
MAC,LightGBM,holiday,108.0,1.2
MAC,LightGBM,is_Sunday,107.0,1.1888888888888889
MAC,LightGBM,is_post_holiday,98.0,1.0888888888888888
MAC,LightGBM,peakmonth,95.0,1.0555555555555556
MAC,LightGBM,day_auto,87.0,0.9666666666666667
MAC,LightGBM,REQ_LAST168H_roll_mean_3,85.0,0.9444444444444444
MAC,LightGBM,IsDaylight_W,85.0,0.9444444444444444
MAC,LightGBM,is_weekend,85.0,0.9444444444444444
MAC,LightGBM,REQ_LAST168H_roll_std_6,83.0,0.9222222222222222
MAC,LightGBM,month_auto,79.0,0.8777777777777779
MAC,LightGBM,year_auto,70.0,0.7777777777777778
MAC,LightGBM,is_holiday,67.0,0.7444444444444445
MAC,LightGBM,REQ_LAST168H_diff_1,63.0,0.7000000000000001
MAC,LightGBM,REQ_LAST168H_pct_change_1,54.0,0.6
MAC,LightGBM,is_pre_holiday,50.0,0.5555555555555556
MAC,LightGBM,CloudCover_W,50.0,0.5555555555555556
MAC,LightGBM,PEAK_OFFPEAK_NUMERIC,39.0,0.4333333333333333
MAC,LightGBM,is_Saturday,35.0,0.3888888888888889
MAC,LightGBM,quarter,30.0,0.33333333333333337
MAC,LightGBM,dayofweek_auto,20.0,0.2222222222222222
MAC,LightGBM,hour_auto,18.0,0.2
MAC,LightGBM,minute,11.0,0.12222222222222222
MAC,LightGBM,reg,0.0,0.0
NAC,XGBoost,REQUIREMENT_LAG_3D,0.4096947908401489,40.96947908401489
NAC,XGBoost,REQ_LAST168H,0.18193189799785614,18.193189799785614
NAC,XGBoost,REQ_LAST168H_roll_mean_3,0.07925106585025787,7.925106585025787
NAC,XGBoost,REQ_LAST336H,0.038373980671167374,3.8373980671167374
NAC,XGBoost,IsDaylight_W,0.02932089939713478,2.932089939713478
NAC,XGBoost,Temp_W,0.023853659629821777,2.3853659629821777
NAC,XGBoost,REQ_LAST672H,0.01839481294155121,1.8394812941551208
NAC,XGBoost,long_holiday,0.01418465655297041,1.418465655297041
NAC,XGBoost,is_post_holiday,0.014176669530570507,1.4176669530570507
NAC,XGBoost,is_Sunday,0.01344713568687439,1.344713568687439
NAC,XGBoost,is_pre_holiday,0.011688366532325745,1.1688366532325745
NAC,XGBoost,is_holiday,0.010790596716105938,1.0790596716105938
NAC,XGBoost,REQ_LAST504H,0.010600152425467968,1.0600152425467968
NAC,XGBoost,hour,0.010007976554334164,1.0007976554334164
NAC,XGBoost,UVIndex_W,0.008620976470410824,0.8620976470410824
NAC,XGBoost,RelativeHumidity_W,0.008578167296946049,0.8578167296946049
NAC,XGBoost,hour_auto,0.00763014517724514,0.763014517724514
NAC,XGBoost,WetBulb_W,0.007612040266394615,0.7612040266394615
NAC,XGBoost,peakmonth,0.006841514725238085,0.6841514725238085
NAC,XGBoost,month,0.006450893823057413,0.6450893823057413
NAC,XGBoost,is_tou,0.00637319078668952,0.637319078668952
NAC,XGBoost,day_of_week,0.006314633414149284,0.6314633414149284
NAC,XGBoost,RealFeel_W,0.005703615956008434,0.5703615956008434
NAC,XGBoost,holiday,0.005692130886018276,0.5692130886018276
NAC,XGBoost,is_weekend,0.005251837428659201,0.5251837428659201
NAC,XGBoost,year_auto,0.005212774034589529,0.5212774034589529
NAC,XGBoost,TIME_SLOT,0.0051637329161167145,0.5163732916116714
NAC,XGBoost,quarter,0.0048267231322824955,0.48267231322824955
NAC,XGBoost,month_auto,0.004700598306953907,0.4700598306953907
NAC,XGBoost,dayofweek_auto,0.00468227406963706,0.468227406963706
NAC,XGBoost,year,0.0041373660787940025,0.41373660787940025
NAC,XGBoost,CloudCover_W,0.003630381077528,0.3630381077528
NAC,XGBoost,DewPoint_W,0.003600441152229905,0.3600441152229905
NAC,XGBoost,minute,0.003465549787506461,0.3465549787506461
NAC,XGBoost,REQ_LAST168H_pct_change_1,0.0032248268835246563,0.32248268835246563
NAC,XGBoost,DayOfWeek,0.0028277914971113205,0.28277914971113205
NAC,XGBoost,REQ_LAST168H_roll_std_6,0.0025563472881913185,0.25563472881913185
NAC,XGBoost,PEAK_OFFPEAK_NUMERIC,0.0024927069898694754,0.24927069898694754
NAC,XGBoost,REQ_LAST168H_roll_mean_6,0.002226016717031598,0.2226016717031598
NAC,XGBoost,day,0.002169516868889332,0.21695168688893318
NAC,XGBoost,day_auto,0.002049026545137167,0.2049026545137167
NAC,XGBoost,REQ_LAST168H_diff_1,0.0016767123015597463,0.16767123015597463
NAC,XGBoost,is_Saturday,0.0005713851423934102,0.05713851423934102
NAC,XGBoost,reg,0.0,0.0
NAC,LightGBM,Temp_W,990.0,11.022044088176353
NAC,LightGBM,REQUIREMENT_LAG_3D,658.0,7.325762636383878
NAC,LightGBM,day,638.0,7.103095079046982
NAC,LightGBM,hour,590.0,6.5686929414384325
NAC,LightGBM,month,505.0,5.622355822756624
NAC,LightGBM,RealFeel_W,488.0,5.433088399020263
NAC,LightGBM,year,380.0,4.230683589401024
NAC,LightGBM,TIME_SLOT,371.0,4.13048318859942
NAC,LightGBM,REQ_LAST336H,370.0,4.119349810732576
NAC,LightGBM,DewPoint_W,358.0,3.9857492763304387
NAC,LightGBM,UVIndex_W,348.0,3.8744154976619907
NAC,LightGBM,RelativeHumidity_W,342.0,3.807615230460922
NAC,LightGBM,REQ_LAST168H,301.0,3.3511467379202853
NAC,LightGBM,WetBulb_W,300.0,3.3400133600534407
NAC,LightGBM,REQ_LAST168H_roll_mean_6,238.0,2.6497439323090624
NAC,LightGBM,REQ_LAST672H,175.0,1.94834112669784
NAC,LightGBM,day_of_week,168.0,1.8704074816299265
NAC,LightGBM,CloudCover_W,161.0,1.792473836562013
NAC,LightGBM,REQ_LAST504H,160.0,1.781340458695168
NAC,LightGBM,DayOfWeek,146.0,1.625473168559341
NAC,LightGBM,IsDaylight_W,140.0,1.558672901358272
NAC,LightGBM,long_holiday,120.0,1.3360053440213762
NAC,LightGBM,peakmonth,108.0,1.2024048096192386
NAC,LightGBM,is_tou,106.0,1.1801380538855488
NAC,LightGBM,is_Sunday,87.0,0.9686038744154977
NAC,LightGBM,REQ_LAST168H_roll_mean_3,77.0,0.8572700957470496
NAC,LightGBM,REQ_LAST168H_roll_std_6,75.0,0.8350033400133602
NAC,LightGBM,REQ_LAST168H_diff_1,67.0,0.7459363170786016
NAC,LightGBM,REQ_LAST168H_pct_change_1,60.0,0.6680026720106881
NAC,LightGBM,is_holiday,56.0,0.6234691605433089
NAC,LightGBM,month_auto,50.0,0.55666889334224
NAC,LightGBM,year_auto,45.0,0.501002004008016
NAC,LightGBM,holiday,43.0,0.47873524827432645
NAC,LightGBM,hour_auto,40.0,0.445335114673792
NAC,LightGBM,day_auto,39.0,0.43420173680694724
NAC,LightGBM,is_weekend,35.0,0.389668225339568
NAC,LightGBM,minute,33.0,0.36740146960587844
NAC,LightGBM,is_post_holiday,32.0,0.3562680917390336
NAC,LightGBM,PEAK_OFFPEAK_NUMERIC,24.0,0.26720106880427524
NAC,LightGBM,is_pre_holiday,21.0,0.23380093520374082
NAC,LightGBM,dayofweek_auto,15.0,0.16700066800267202
NAC,LightGBM,quarter,11.0,0.1224671565352928
NAC,LightGBM,is_Saturday,11.0,0.1224671565352928
NAC,LightGBM,reg,0.0,0.0
NEC,XGBoost,REQ_LAST168H,0.24379776418209076,24.379773511913598
NEC,XGBoost,REQUIREMENT_LAG_3D,0.21393777430057526,21.393774879720823
NEC,XGBoost,REQ_LAST336H,0.15623605251312256,15.623603388833596
NEC,XGBoost,WetBulb_W,0.06955623626708984,6.955622797534132
NEC,XGBoost,is_post_holiday,0.025806957855820656,2.5806954779391913
NEC,XGBoost,Temp_W,0.024194849655032158,2.419484677078166
NEC,XGBoost,IsDaylight_W,0.02368244342505932,2.36824406018924
NEC,XGBoost,REQ_LAST504H,0.023075465112924576,2.3075462362115102
NEC,XGBoost,UVIndex_W,0.016670722514390945,1.6670720527086194
NEC,XGBoost,is_Sunday,0.01582461968064308,1.5824617794201639
NEC,XGBoost,hour,0.013573097996413708,1.3573096378374532
NEC,XGBoost,is_pre_holiday,0.01344105415046215,1.3441052548163825
NEC,XGBoost,REQ_LAST168H_roll_mean_3,0.01303346361964941,1.3033462065939658
NEC,XGBoost,DewPoint_W,0.012054309248924255,1.2054307811938785
NEC,XGBoost,is_holiday,0.011641609482467175,1.1641608094679343
NEC,XGBoost,RealFeel_W,0.009537438862025738,0.9537437725074562
NEC,XGBoost,long_holiday,0.008615737780928612,0.8615736753852755
NEC,XGBoost,year_auto,0.008346700109541416,0.8346699114537344
NEC,XGBoost,hour_auto,0.00788324885070324,0.7883247910946858
NEC,XGBoost,year,0.007684608455747366,0.768460753967076
NEC,XGBoost,REQ_LAST672H,0.00680267158895731,0.6802670778015759
NEC,XGBoost,REQ_LAST168H_roll_std_6,0.006461551412940025,0.6461550642663164
NEC,XGBoost,month_auto,0.005951406434178352,0.5951405724715505
NEC,XGBoost,TIME_SLOT,0.005400003399699926,0.5400002755969434
NEC,XGBoost,month,0.005053183529525995,0.5053182927139649
NEC,XGBoost,peakmonth,0.00465931324288249,0.4659312687449135
NEC,XGBoost,is_weekend,0.004577212035655975,0.45772114900098454
NEC,XGBoost,day_of_week,0.004157074727118015,0.41570742315561493
NEC,XGBoost,is_tou,0.004029672127217054,0.402967164684276
NEC,XGBoost,RelativeHumidity_W,0.003932596649974585,0.39325961811725874
NEC,XGBoost,quarter,0.003887734841555357,0.38877343781013035
NEC,XGBoost,dayofweek_auto,0.0038053523749113083,0.38053519212780096
NEC,XGBoost,DayOfWeek,0.0032286609057337046,0.3228660520847378
NEC,XGBoost,minute,0.002777982736006379,0.277798240484507
NEC,XGBoost,REQ_LAST168H_diff_1,0.0024508521892130375,0.2450851897048724
NEC,XGBoost,day_auto,0.002202823292464018,0.22028230298670493
NEC,XGBoost,CloudCover_W,0.0021147113293409348,0.21147110772477296
NEC,XGBoost,holiday,0.002020384883508086,0.20203846426594682
NEC,XGBoost,day,0.0019948380067944527,0.19948377689912594
NEC,XGBoost,REQ_LAST168H_roll_mean_6,0.001815171679481864,0.18151714630965635
NEC,XGBoost,REQ_LAST168H_pct_change_1,0.0015562254702672362,0.15562252847507257
NEC,XGBoost,PEAK_OFFPEAK_NUMERIC,0.0014876564964652061,0.14876563191227532
NEC,XGBoost,is_Saturday,0.0010388650698587298,0.10388649460163776
NEC,XGBoost,reg,0.0,0.0
NEC,LightGBM,Temp_W,1002.0,11.133333333333335
NEC,LightGBM,REQUIREMENT_LAG_3D,619.0,6.877777777777777
NEC,LightGBM,hour,613.0,6.811111111111111
NEC,LightGBM,day,579.0,6.433333333333334
NEC,LightGBM,month,476.0,5.288888888888889
NEC,LightGBM,RealFeel_W,446.0,4.955555555555556
NEC,LightGBM,WetBulb_W,433.0,4.811111111111111
NEC,LightGBM,TIME_SLOT,407.0,4.522222222222222
NEC,LightGBM,year,393.0,4.366666666666666
NEC,LightGBM,UVIndex_W,374.0,4.155555555555555
NEC,LightGBM,DewPoint_W,368.0,4.0888888888888895
NEC,LightGBM,REQ_LAST336H,365.0,4.055555555555555
NEC,LightGBM,REQ_LAST168H_roll_mean_6,249.0,2.7666666666666666
NEC,LightGBM,RelativeHumidity_W,249.0,2.7666666666666666
NEC,LightGBM,REQ_LAST168H,187.0,2.0777777777777775
NEC,LightGBM,REQ_LAST504H,183.0,2.033333333333333
NEC,LightGBM,REQ_LAST672H,177.0,1.9666666666666666
NEC,LightGBM,IsDaylight_W,160.0,1.7777777777777777
NEC,LightGBM,day_of_week,159.0,1.7666666666666668
NEC,LightGBM,CloudCover_W,154.0,1.7111111111111112
NEC,LightGBM,DayOfWeek,144.0,1.6
NEC,LightGBM,peakmonth,128.0,1.4222222222222223
NEC,LightGBM,REQ_LAST168H_roll_std_6,125.0,1.3888888888888888
NEC,LightGBM,long_holiday,112.0,1.2444444444444445
NEC,LightGBM,is_Sunday,95.0,1.0555555555555556
NEC,LightGBM,REQ_LAST168H_roll_mean_3,89.0,0.9888888888888888
NEC,LightGBM,REQ_LAST168H_diff_1,84.0,0.9333333333333335
NEC,LightGBM,is_tou,66.0,0.7333333333333333
NEC,LightGBM,is_post_holiday,63.0,0.7000000000000001
NEC,LightGBM,year_auto,60.0,0.6666666666666667
NEC,LightGBM,is_weekend,58.0,0.6444444444444445
NEC,LightGBM,day_auto,49.0,0.5444444444444444
NEC,LightGBM,REQ_LAST168H_pct_change_1,47.0,0.5222222222222221
NEC,LightGBM,minute,44.0,0.4888888888888889
NEC,LightGBM,month_auto,43.0,0.47777777777777775
NEC,LightGBM,hour_auto,39.0,0.4333333333333333
NEC,LightGBM,PEAK_OFFPEAK_NUMERIC,38.0,0.42222222222222217
NEC,LightGBM,is_holiday,37.0,0.41111111111111115
NEC,LightGBM,holiday,31.0,0.34444444444444444
NEC,LightGBM,is_Saturday,23.0,0.2555555555555556
NEC,LightGBM,quarter,14.0,0.15555555555555556
NEC,LightGBM,dayofweek_auto,11.0,0.12222222222222222
NEC,LightGBM,is_pre_holiday,7.0,0.07777777777777778
NEC,LightGBM,reg,0.0,0.0
SAC,XGBoost,REQ_LAST168H,0.4470324218273163,44.70323685369052
SAC,XGBoost,REQUIREMENT_LAG_3D,0.2328256368637085,23.282560910873304
SAC,XGBoost,REQ_LAST336H,0.06479565799236298,6.479565026811954
SAC,XGBoost,REQ_LAST504H,0.02779201604425907,2.779201273119298
SAC,XGBoost,REQ_LAST672H,0.027423610910773277,2.7423607641624494
SAC,XGBoost,is_post_holiday,0.016741452738642693,1.6741450742906245
SAC,XGBoost,is_pre_holiday,0.013284620828926563,1.328461924527654
SAC,XGBoost,long_holiday,0.01185134518891573,1.1851343776125458
SAC,XGBoost,is_holiday,0.009444184601306915,0.9444183475472512
SAC,XGBoost,IsDaylight_W,0.009384548291563988,0.9384547172838786
SAC,XGBoost,RealFeel_W,0.009313887916505337,0.9313886806203507
SAC,XGBoost,is_Sunday,0.008366797119379044,0.8366796121979223
SAC,XGBoost,CloudCover_W,0.008164349012076855,0.8164348038810726
SAC,XGBoost,Temp_W,0.007884735241532326,0.7884734301598753
SAC,XGBoost,REQ_LAST168H_roll_mean_3,0.007858616299927235,0.785861536310728
SAC,XGBoost,minute,0.007701031863689423,0.7701030945654994
SAC,XGBoost,holiday,0.006220210809260607,0.6220210067753784
SAC,XGBoost,hour,0.006001628004014492,0.6001627288564767
SAC,XGBoost,month,0.005997151136398315,0.5997150421482275
SAC,XGBoost,year,0.0050767092034220695,0.5076708598231244
SAC,XGBoost,year_auto,0.0050746784545481205,0.5074677849599379
SAC,XGBoost,hour_auto,0.004879938904196024,0.48799383224620435
SAC,XGBoost,UVIndex_W,0.004873431287705898,0.4873430706747686
SAC,XGBoost,quarter,0.004751509055495262,0.4751508489071311
SAC,XGBoost,TIME_SLOT,0.004123765975236893,0.41237654836457394
SAC,XGBoost,month_auto,0.004029073752462864,0.40290732721599015
SAC,XGBoost,is_tou,0.0033912661019712687,0.3391265697700894
SAC,XGBoost,day_of_week,0.003202407853677869,0.3202407471921149
SAC,XGBoost,RelativeHumidity_W,0.003109454410150647,0.31094540394748404
SAC,XGBoost,DewPoint_W,0.003088789526373148,0.3088789158160787
SAC,XGBoost,dayofweek_auto,0.002956510055810213,0.2956509703366792
SAC,XGBoost,day_auto,0.002700639422982931,0.27006391010416625
SAC,XGBoost,DayOfWeek,0.0026486061979085207,0.26486058821700953
SAC,XGBoost,day,0.0026066573336720467,0.26066570229343144
SAC,XGBoost,WetBulb_W,0.002524295123293996,0.25242948223746037
SAC,XGBoost,peakmonth,0.002428022911772132,0.24280226223292803
SAC,XGBoost,is_Saturday,0.002062713261693716,0.2062713015799163
SAC,XGBoost,REQ_LAST168H_roll_mean_6,0.0017644892213866115,0.17644890110431302
SAC,XGBoost,REQ_LAST168H_pct_change_1,0.0016767799388617277,0.16767797389740063
SAC,XGBoost,is_weekend,0.001638050191104412,0.1638049995833636
SAC,XGBoost,PEAK_OFFPEAK_NUMERIC,0.0013121577212587,0.13121575648373288
SAC,XGBoost,REQ_LAST168H_diff_1,0.0010963708627969027,0.10963707320993266
SAC,XGBoost,REQ_LAST168H_roll_std_6,0.0008997991099022329,0.0899799002637833
SAC,XGBoost,reg,0.0,0.0
SAC,LightGBM,day,1012.0,11.244444444444444
SAC,LightGBM,month,875.0,9.722222222222223
SAC,LightGBM,RealFeel_W,690.0,7.666666666666666
SAC,LightGBM,year,504.0,5.6000000000000005
SAC,LightGBM,REQUIREMENT_LAG_3D,499.0,5.544444444444444
SAC,LightGBM,hour,465.0,5.166666666666667
SAC,LightGBM,DewPoint_W,406.0,4.511111111111111
SAC,LightGBM,TIME_SLOT,377.0,4.188888888888889
SAC,LightGBM,CloudCover_W,281.0,3.1222222222222222
SAC,LightGBM,REQ_LAST336H,276.0,3.0666666666666664
SAC,LightGBM,Temp_W,275.0,3.0555555555555554
SAC,LightGBM,REQ_LAST672H,271.0,3.011111111111111
SAC,LightGBM,REQ_LAST168H_roll_mean_6,255.0,2.833333333333333
SAC,LightGBM,REQ_LAST168H,242.0,2.688888888888889
SAC,LightGBM,WetBulb_W,223.0,2.477777777777778
SAC,LightGBM,RelativeHumidity_W,212.0,2.3555555555555556
SAC,LightGBM,DayOfWeek,201.0,2.2333333333333334
SAC,LightGBM,REQ_LAST504H,193.0,2.1444444444444444
SAC,LightGBM,long_holiday,165.0,1.8333333333333333
SAC,LightGBM,day_of_week,164.0,1.8222222222222224
SAC,LightGBM,UVIndex_W,149.0,1.6555555555555557
SAC,LightGBM,is_Sunday,126.0,1.4000000000000001
SAC,LightGBM,peakmonth,97.0,1.077777777777778
SAC,LightGBM,IsDaylight_W,96.0,1.0666666666666667
SAC,LightGBM,day_auto,89.0,0.9888888888888888
SAC,LightGBM,month_auto,86.0,0.9555555555555555
SAC,LightGBM,year_auto,78.0,0.8666666666666666
SAC,LightGBM,holiday,77.0,0.8555555555555556
SAC,LightGBM,is_tou,71.0,0.788888888888889
SAC,LightGBM,is_post_holiday,63.0,0.7000000000000001
SAC,LightGBM,is_holiday,61.0,0.6777777777777777
SAC,LightGBM,REQ_LAST168H_pct_change_1,54.0,0.6
SAC,LightGBM,is_Saturday,53.0,0.5888888888888889
SAC,LightGBM,REQ_LAST168H_roll_std_6,52.0,0.5777777777777777
SAC,LightGBM,REQ_LAST168H_roll_mean_3,44.0,0.4888888888888889
SAC,LightGBM,REQ_LAST168H_diff_1,42.0,0.46666666666666673
SAC,LightGBM,hour_auto,42.0,0.46666666666666673
SAC,LightGBM,is_pre_holiday,41.0,0.4555555555555556
SAC,LightGBM,quarter,31.0,0.34444444444444444
SAC,LightGBM,is_weekend,26.0,0.28888888888888886
SAC,LightGBM,PEAK_OFFPEAK_NUMERIC,18.0,0.2
SAC,LightGBM,minute,12.0,0.13333333333333333
SAC,LightGBM,dayofweek_auto,6.0,0.06666666666666667
SAC,LightGBM,reg,0.0,0.0
